{
  "cinema": {
    "projection": [
      {
        "date": "10.02.2016",
        "film": {
          "titre": "One Punch Man"
        },
        "acteur": [
          {
            "nom": "George Clooney"
          },
          {
            "nom": "Samantha Carter"
          }
        ]
      },
      {
        "date": "10.02.2016",
        "film": {
          "titre": "Matrix"
        },
        "acteur": [
          {
            "nom": "Brad Pitt"
          },
          {
            "nom": "Leonardo DiCaprio"
          }
        ]
      }
    ]
  }
}