{
  "cinema": {
    "Projections": [
      {
        "id": 5,
        "titre": "Casino Royale",
        "date": "2016-04-29 07:34:25",
        "acteurs": [
          {
            "Place 2": "Green, Eva"
          },
          {
            "Place 1": "Craig, Daniel"
          }
        ]
      },
      {
        "id": 6,
        "titre": "Django Unchained",
        "date": "2016-04-29 11:47:45",
        "acteurs": [
          {
            "Place 2": "Waltz, Christoph"
          },
          {
            "Place 1": "Foxx, Jamie"
          }
        ]
      }
    ]
  }
}